file,display_name,corpus,operation_name,error,timestamp
/app/archive/역사기록/1990/19950517_GCOWE95(세계선교대회)/metadata_19950517_GCOWE95(세계선교대회).json,metadata_19950517_GCOWE95(세계선교대회).json,fileSearchStores/ccc-sp39ygty7ddk,,HTTP 500: Internal Server Error,2025-12-10T07:13:30.365147
/app/archive/역사기록/1990/19950520_SM2000대회/metadata_19950520_SM2000대회.json,metadata_19950520_SM2000대회.json,fileSearchStores/ccc-sp39ygty7ddk,,HTTP 500: Internal Server Error,2025-12-10T07:13:30.365664
/app/archive/역사기록/1990/19950703_1995 전국 대학생 여름수련회/metadata_19950703_1995 전국 대학생 여름수련회.json,metadata_19950703_1995 전국 대학생 여름수련회.json,fileSearchStores/ccc-sp39ygty7ddk,,HTTP 500: Internal Server Error,2025-12-10T07:13:30.366267
/app/archive/역사기록/1990/19950802_1995 전국 나사렛 여름수련회/metadata_19950802_1995 전국 나사렛 여름수련회.json,metadata_19950802_1995 전국 나사렛 여름수련회.json,fileSearchStores/ccc-sp39ygty7ddk,,HTTP 500: Internal Server Error,2025-12-10T07:13:30.383651
/app/archive/역사기록/1990/19951227_1996 대학생 원단금식수련회/metadata_19951227_1996 대학생 원단금식수련회.json,metadata_19951227_1996 대학생 원단금식수련회.json,fileSearchStores/ccc-sp39ygty7ddk,,HTTP 500: Internal Server Error,2025-12-10T07:13:30.395557
/app/archive/역사기록/1990/19960700_1996 여름 단기선교/metadata_19960700_1996 여름 단기선교.json,metadata_19960700_1996 여름 단기선교.json,fileSearchStores/ccc-sp39ygty7ddk,,HTTP 500: Internal Server Error,2025-12-10T07:13:30.504053
/app/archive/역사기록/1990/19960724_1996 전국 청소년 여름수련회/metadata_19960724_1996 전국 청소년 여름수련회.json,metadata_19960724_1996 전국 청소년 여름수련회.json,fileSearchStores/ccc-sp39ygty7ddk,,HTTP 500: Internal Server Error,2025-12-10T07:13:30.504494
/app/archive/역사기록/1990/19961225_1997 대학생 원단금식수련회/metadata_19961225_1997 대학생 원단금식수련회.json,metadata_19961225_1997 대학생 원단금식수련회.json,fileSearchStores/ccc-sp39ygty7ddk,,HTTP 500: Internal Server Error,2025-12-10T07:13:30.511394
/app/archive/역사기록/1990/19971225_1998 대학생 원단금식수련회/metadata_19971225_1998 대학생 원단금식수련회.json,metadata_19971225_1998 대학생 원단금식수련회.json,fileSearchStores/ccc-sp39ygty7ddk,,HTTP 500: Internal Server Error,2025-12-10T07:13:30.512063
/app/archive/역사기록/1990/19980630_1998 전국 대학생 여름수련회/metadata_19980630_1998 전국 대학생 여름수련회.json,metadata_19980630_1998 전국 대학생 여름수련회.json,fileSearchStores/ccc-sp39ygty7ddk,,HTTP 500: Internal Server Error,2025-12-10T07:13:30.517538
/app/archive/역사기록/1990/19981230_99 한국 교회 원단 비상 구국 금식기도 성회/metadata_19981230_99 한국 교회 원단 비상 구국 금식기도 성회.json,metadata_19981230_99 한국 교회 원단 비상 구국 금식기도 성회.json,fileSearchStores/ccc-sp39ygty7ddk,,HTTP 500: Internal Server Error,2025-12-10T07:13:30.523597
/app/archive/역사기록/1990/19990726_엑스플로99 인천대회/metadata_19990726_엑스플로99 인천대회.json,metadata_19990726_엑스플로99 인천대회.json,fileSearchStores/ccc-sp39ygty7ddk,,HTTP 500: Internal Server Error,2025-12-10T07:13:30.560891
/app/archive/역사기록/2000/20001226_2001 대학생 원단금식수련회/metadata_20001226_2001 대학생 원단금식수련회.json,metadata_20001226_2001 대학생 원단금식수련회.json,fileSearchStores/ccc-sp39ygty7ddk,,HTTP 500: Internal Server Error,2025-12-10T07:13:30.573683
/app/archive/역사기록/2000/20000703_2000 전국 대학생 여름수련회/metadata_20000703_2000 전국 대학생 여름수련회.json,metadata_20000703_2000 전국 대학생 여름수련회.json,fileSearchStores/ccc-sp39ygty7ddk,,HTTP 500: Internal Server Error,2025-12-10T07:13:30.574824
/app/archive/역사기록/2000/20000731_2000 전국 청소년 여름수련회/metadata_20000731_2000 전국 청소년 여름수련회.json,metadata_20000731_2000 전국 청소년 여름수련회.json,fileSearchStores/ccc-sp39ygty7ddk,,HTTP 500: Internal Server Error,2025-12-10T07:13:30.575491
/app/archive/역사기록/2000/20000802_2000 전국 나사렛 여름수련회/metadata_20000802_2000 전국 나사렛 여름수련회.json,metadata_20000802_2000 전국 나사렛 여름수련회.json,fileSearchStores/ccc-sp39ygty7ddk,,HTTP 500: Internal Server Error,2025-12-10T07:13:30.576253
/app/archive/역사기록/2000/20001231_민족화합과 통일을 위한 새천년 구국금식 기도회/metadata_20001231_민족화합과 통일을 위한 새천년 구국금식 기도회.json,metadata_20001231_민족화합과 통일을 위한 새천년 구국금식 기도회.json,fileSearchStores/ccc-sp39ygty7ddk,,HTTP 500: Internal Server Error,2025-12-10T07:13:30.595715
/app/archive/역사기록/2000/20010512_2001 전국 대학생 여름수련회를 위한 여호수아 기도회/metadata_20010512_2001 전국 대학생 여름수련회를 위한 여호수아 기도회.json,metadata_20010512_2001 전국 대학생 여름수련회를 위한 여호수아 기도회.json,fileSearchStores/ccc-sp39ygty7ddk,,HTTP 500: Internal Server Error,2025-12-10T07:13:30.617317
/app/archive/역사기록/2000/20010730_2001 전국 청소년 여름수련회/metadata_20010730_2001 전국 청소년 여름수련회.json,metadata_20010730_2001 전국 청소년 여름수련회.json,fileSearchStores/ccc-sp39ygty7ddk,,HTTP 500: Internal Server Error,2025-12-10T07:13:30.621976
/app/archive/역사기록/2000/20010702_2001 전국 대학생 여름수련회/metadata_20010702_2001 전국 대학생 여름수련회.json,metadata_20010702_2001 전국 대학생 여름수련회.json,fileSearchStores/ccc-sp39ygty7ddk,,HTTP 500: Internal Server Error,2025-12-10T07:13:30.644001
/app/archive/역사기록/2000/20010700_2001 여름 단기선교/metadata_20010700_2001 여름 단기선교.json,metadata_20010700_2001 여름 단기선교.json,fileSearchStores/ccc-sp39ygty7ddk,,HTTP 500: Internal Server Error,2025-12-10T07:13:30.652421
/app/archive/역사기록/2000/20011025_2002 월드컵 기독시민운동 전국대회/metadata_20011025_2002 월드컵 기독시민운동 전국대회.json,metadata_20011025_2002 월드컵 기독시민운동 전국대회.json,fileSearchStores/ccc-sp39ygty7ddk,,HTTP 500: Internal Server Error,2025-12-10T07:13:30.660115
/app/archive/역사기록/2000/20020701_2002 전국 대학생 여름수련회/metadata_20020701_2002 전국 대학생 여름수련회.json,metadata_20020701_2002 전국 대학생 여름수련회.json,fileSearchStores/ccc-sp39ygty7ddk,,HTTP 500: Internal Server Error,2025-12-10T07:13:30.699871
/app/archive/역사기록/2000/20030430_2003 본부 간사가족 체육대회/metadata_20030430_2003 본부 간사가족 체육대회.json,metadata_20030430_2003 본부 간사가족 체육대회.json,fileSearchStores/ccc-sp39ygty7ddk,,HTTP 500: Internal Server Error,2025-12-10T07:13:30.699952
/app/archive/역사기록/2000/20020415_2002 전국 간사가족 수련회/metadata_20020415_2002 전국 간사가족 수련회.json,metadata_20020415_2002 전국 간사가족 수련회.json,fileSearchStores/ccc-sp39ygty7ddk,,HTTP 500: Internal Server Error,2025-12-10T07:13:30.706714
/app/archive/역사기록/2000/20020504_2002 전국 대학생 여름수련회를 위한 여호수아 기도회/metadata_20020504_2002 전국 대학생 여름수련회를 위한 여호수아 기도회.json,metadata_20020504_2002 전국 대학생 여름수련회를 위한 여호수아 기도회.json,fileSearchStores/ccc-sp39ygty7ddk,,HTTP 500: Internal Server Error,2025-12-10T07:13:30.710401
/app/archive/역사기록/2000/20030630_2003 전국 대학생 여름수련회/metadata_20030630_2003 전국 대학생 여름수련회.json,metadata_20030630_2003 전국 대학생 여름수련회.json,fileSearchStores/ccc-sp39ygty7ddk,,HTTP 500: Internal Server Error,2025-12-10T07:13:30.712386
/app/archive/역사기록/2000/20030728_2003 전국 청소년 여름수련회/metadata_20030728_2003 전국 청소년 여름수련회.json,metadata_20030728_2003 전국 청소년 여름수련회.json,fileSearchStores/ccc-sp39ygty7ddk,,HTTP 500: Internal Server Error,2025-12-10T07:13:30.729457
/app/archive/역사기록/2000/20031228_2004 대학생 원단금식수련회/metadata_20031228_2004 대학생 원단금식수련회.json,metadata_20031228_2004 대학생 원단금식수련회.json,fileSearchStores/ccc-sp39ygty7ddk,,HTTP 500: Internal Server Error,2025-12-10T07:13:30.743699
/app/archive/역사기록/2000/20041227_2005 대학생 원단금식수련회/metadata_20041227_2005 대학생 원단금식수련회.json,metadata_20041227_2005 대학생 원단금식수련회.json,fileSearchStores/ccc-sp39ygty7ddk,,HTTP 500: Internal Server Error,2025-12-10T07:13:30.821981
/app/archive/역사기록/2000/20050202_2005 대학생 통일봉사단 위탁교육/metadata_20050202_2005 대학생 통일봉사단 위탁교육.json,metadata_20050202_2005 대학생 통일봉사단 위탁교육.json,fileSearchStores/ccc-sp39ygty7ddk,,HTTP 500: Internal Server Error,2025-12-10T07:13:30.835464
/app/archive/역사기록/2000/20040726_2004 전국 청소년 여름수련회/metadata_20040726_2004 전국 청소년 여름수련회.json,metadata_20040726_2004 전국 청소년 여름수련회.json,fileSearchStores/ccc-sp39ygty7ddk,,HTTP 500: Internal Server Error,2025-12-10T07:13:30.835552
/app/archive/역사기록/2000/20050418_2005 전국 간사가족 수련회/metadata_20050418_2005 전국 간사가족 수련회.json,metadata_20050418_2005 전국 간사가족 수련회.json,fileSearchStores/ccc-sp39ygty7ddk,,HTTP 500: Internal Server Error,2025-12-10T07:13:30.851919
/app/archive/역사기록/2000/20040628_2004 전국 대학생 여름수련회/metadata_20040628_2004 전국 대학생 여름수련회.json,metadata_20040628_2004 전국 대학생 여름수련회.json,fileSearchStores/ccc-sp39ygty7ddk,,HTTP 500: Internal Server Error,2025-12-10T07:13:30.852846
/app/archive/역사기록/2000/20051111_2005 순천지구 홈커밍데이/metadata_20051111_2005 순천지구 홈커밍데이.json,metadata_20051111_2005 순천지구 홈커밍데이.json,fileSearchStores/ccc-sp39ygty7ddk,,HTTP 500: Internal Server Error,2025-12-10T07:13:30.875687
/app/archive/역사기록/2000/20050627_2005 전국 대학생 여름수련회/metadata_20050627_2005 전국 대학생 여름수련회.json,metadata_20050627_2005 전국 대학생 여름수련회.json,fileSearchStores/ccc-sp39ygty7ddk,,HTTP 500: Internal Server Error,2025-12-10T07:13:30.881113
/app/archive/역사기록/2000/20050700_2005 여름 단기선교/metadata_20050700_2005 여름 단기선교.json,metadata_20050700_2005 여름 단기선교.json,fileSearchStores/ccc-sp39ygty7ddk,,HTTP 500: Internal Server Error,2025-12-10T07:13:30.915984
/app/archive/역사기록/2000/20060429_2006 전국 대학생 여름수련회를 위한 여호수아 기도회/metadata_20060429_2006 전국 대학생 여름수련회를 위한 여호수아 기도회.json,metadata_20060429_2006 전국 대학생 여름수련회를 위한 여호수아 기도회.json,fileSearchStores/ccc-sp39ygty7ddk,,HTTP 500: Internal Server Error,2025-12-10T07:13:30.932967
/app/archive/역사기록/2000/20051124_2005 CCC 워십 페스티발/metadata_20051124_2005 CCC 워십 페스티발.json,metadata_20051124_2005 CCC 워십 페스티발.json,fileSearchStores/ccc-sp39ygty7ddk,,HTTP 500: Internal Server Error,2025-12-10T07:13:30.934037
/app/archive/역사기록/2000/20060806_GCTC 26기 수료/metadata_20060806_GCTC 26기 수료.json,metadata_20060806_GCTC 26기 수료.json,fileSearchStores/ccc-sp39ygty7ddk,,HTTP 500: Internal Server Error,2025-12-10T07:13:30.942136
/app/archive/역사기록/2000/20061226_2007 대학생 원단금식수련회/metadata_20061226_2007 대학생 원단금식수련회.json,metadata_20061226_2007 대학생 원단금식수련회.json,fileSearchStores/ccc-sp39ygty7ddk,,HTTP 500: Internal Server Error,2025-12-10T07:13:30.964047
/app/archive/역사기록/2000/20070806_2007 전국 청소년 여름수련회/metadata_20070806_2007 전국 청소년 여름수련회.json,metadata_20070806_2007 전국 청소년 여름수련회.json,fileSearchStores/ccc-sp39ygty7ddk,,HTTP 500: Internal Server Error,2025-12-10T07:13:30.989549
/app/archive/역사기록/2000/20071220_2007 본부 간사가족 성탄축하의 밤/metadata_20071220_2007 본부 간사가족 성탄축하의 밤.json,metadata_20071220_2007 본부 간사가족 성탄축하의 밤.json,fileSearchStores/ccc-sp39ygty7ddk,,HTTP 500: Internal Server Error,2025-12-10T07:13:30.998664
/app/archive/역사기록/2000/20070100_2007 겨울 단기선교/metadata_20070100_2007 겨울 단기선교.json,metadata_20070100_2007 겨울 단기선교.json,fileSearchStores/ccc-sp39ygty7ddk,,HTTP 500: Internal Server Error,2025-12-10T07:13:31.010186
/app/archive/역사기록/2000/20060626_2006 전국 대학생 여름수련회/metadata_20060626_2006 전국 대학생 여름수련회.json,metadata_20060626_2006 전국 대학생 여름수련회.json,fileSearchStores/ccc-sp39ygty7ddk,,HTTP 500: Internal Server Error,2025-12-10T07:13:31.014235
/app/archive/역사기록/2000/20080100_2008 겨울 단기선교/metadata_20080100_2008 겨울 단기선교.json,metadata_20080100_2008 겨울 단기선교.json,fileSearchStores/ccc-sp39ygty7ddk,,HTTP 500: Internal Server Error,2025-12-10T07:13:31.198445
/app/archive/역사기록/2000/20080220_2008 제1회 간사자녀캠프/metadata_20080220_2008 제1회 간사자녀캠프.json,metadata_20080220_2008 제1회 간사자녀캠프.json,fileSearchStores/ccc-sp39ygty7ddk,,HTTP 500: Internal Server Error,2025-12-10T07:13:31.200654
/app/archive/역사기록/2000/20071226_2008 대학생 원단금식수련회/metadata_20071226_2008 대학생 원단금식수련회.json,metadata_20071226_2008 대학생 원단금식수련회.json,fileSearchStores/ccc-sp39ygty7ddk,,HTTP 500: Internal Server Error,2025-12-10T07:13:31.201527
/app/archive/역사기록/2000/20080814_2008 전국 나사렛 여름수련회/metadata_20080814_2008 전국 나사렛 여름수련회.json,metadata_20080814_2008 전국 나사렛 여름수련회.json,fileSearchStores/ccc-sp39ygty7ddk,,HTTP 500: Internal Server Error,2025-12-10T07:13:31.256502
/app/archive/역사기록/2000/20080823_GCTC 28기 수료/metadata_20080823_GCTC 28기 수료.json,metadata_20080823_GCTC 28기 수료.json,fileSearchStores/ccc-sp39ygty7ddk,,HTTP 500: Internal Server Error,2025-12-10T07:13:31.262219
/app/archive/역사기록/2000/20080414_한국CCC 창립 50주년 성지 순례/metadata_20080414_한국CCC 창립 50주년 성지 순례.json,metadata_20080414_한국CCC 창립 50주년 성지 순례.json,fileSearchStores/ccc-sp39ygty7ddk,,HTTP 500: Internal Server Error,2025-12-10T07:13:31.331239
/app/archive/역사기록/2000/20070702_CM2007(세계 청년대학생 지도자 수련회)/metadata_20070702_CM2007(세계 청년대학생 지도자 수련회).json,metadata_20070702_CM2007(세계 청년대학생 지도자 수련회).json,fileSearchStores/ccc-sp39ygty7ddk,,HTTP 500: Internal Server Error,2025-12-10T07:13:31.408940
/app/archive/역사기록/2000/20081023_2008 한국독립교회 선교단체연합회 목사안수식/metadata_20081023_2008 한국독립교회 선교단체연합회 목사안수식.json,metadata_20081023_2008 한국독립교회 선교단체연합회 목사안수식.json,fileSearchStores/ccc-sp39ygty7ddk,,HTTP 500: Internal Server Error,2025-12-10T07:13:31.456163
/app/archive/역사기록/2000/20080825_2008 전국 간사가족 수련회/metadata_20080825_2008 전국 간사가족 수련회.json,metadata_20080825_2008 전국 간사가족 수련회.json,fileSearchStores/ccc-sp39ygty7ddk,,HTTP 500: Internal Server Error,2025-12-10T07:13:31.461305
/app/archive/역사기록/2000/20081222_2008 대학생 통일봉사단 사랑의 연탄 나누기/metadata_20081222_2008 대학생 통일봉사단 사랑의 연탄 나누기.json,metadata_20081222_2008 대학생 통일봉사단 사랑의 연탄 나누기.json,fileSearchStores/ccc-sp39ygty7ddk,,HTTP 500: Internal Server Error,2025-12-10T07:13:31.470213
/app/archive/역사기록/2000/20081101_한국CCC 창립 50주년 감사예배/metadata_20081101_한국CCC 창립 50주년 감사예배.json,metadata_20081101_한국CCC 창립 50주년 감사예배.json,fileSearchStores/ccc-sp39ygty7ddk,,HTTP 500: Internal Server Error,2025-12-10T07:13:31.471175
/app/archive/역사기록/2000/20081222_2008 본부 간사가족 성탄축하의 밤/metadata_20081222_2008 본부 간사가족 성탄축하의 밤.json,metadata_20081222_2008 본부 간사가족 성탄축하의 밤.json,fileSearchStores/ccc-sp39ygty7ddk,,HTTP 500: Internal Server Error,2025-12-10T07:13:31.478563
/app/archive/역사기록/2000/20080701_2008 러브제주/metadata_20080701_2008 러브제주.json,metadata_20080701_2008 러브제주.json,fileSearchStores/ccc-sp39ygty7ddk,,HTTP 500: Internal Server Error,2025-12-10T07:13:31.513925
/app/archive/역사기록/2000/20090413_2009 캠퍼스간사 수련회/metadata_20090413_2009 캠퍼스간사 수련회.json,metadata_20090413_2009 캠퍼스간사 수련회.json,fileSearchStores/ccc-sp39ygty7ddk,,HTTP 500: Internal Server Error,2025-12-10T07:13:31.527638
/app/archive/역사기록/2000/20090425_2009 전국 대학생 여름수련회를 위한 여호수아 기도회/metadata_20090425_2009 전국 대학생 여름수련회를 위한 여호수아 기도회.json,metadata_20090425_2009 전국 대학생 여름수련회를 위한 여호수아 기도회.json,fileSearchStores/ccc-sp39ygty7ddk,,HTTP 500: Internal Server Error,2025-12-10T07:13:31.533628
/app/archive/역사기록/2000/20090100_2009 겨울 단기선교/metadata_20090100_2009 겨울 단기선교.json,metadata_20090100_2009 겨울 단기선교.json,fileSearchStores/ccc-sp39ygty7ddk,,HTTP 500: Internal Server Error,2025-12-10T07:13:31.536999
/app/archive/역사기록/2000/20090803_2009 전국 청소년 여름수련회/metadata_20090803_2009 전국 청소년 여름수련회.json,metadata_20090803_2009 전국 청소년 여름수련회.json,fileSearchStores/ccc-sp39ygty7ddk,,HTTP 500: Internal Server Error,2025-12-10T07:13:31.582273
/app/archive/역사기록/2000/20090629_2009 전국 대학생 여름수련회/metadata_20090629_2009 전국 대학생 여름수련회.json,metadata_20090629_2009 전국 대학생 여름수련회.json,fileSearchStores/ccc-sp39ygty7ddk,,HTTP 500: Internal Server Error,2025-12-10T07:13:31.582704
/app/archive/역사기록/2000/20081228_2009 대학생 원단금식수련회/metadata_20081228_2009 대학생 원단금식수련회.json,metadata_20081228_2009 대학생 원단금식수련회.json,fileSearchStores/ccc-sp39ygty7ddk,,HTTP 500: Internal Server Error,2025-12-10T07:13:31.620164
/app/archive/역사기록/2000/20091107_2009 전주지구 홈커밍데이 50주년/metadata_20091107_2009 전주지구 홈커밍데이 50주년.json,metadata_20091107_2009 전주지구 홈커밍데이 50주년.json,fileSearchStores/ccc-sp39ygty7ddk,,HTTP 500: Internal Server Error,2025-12-10T07:13:31.631105
/app/archive/역사기록/2000/20091228_2010 대학생 원단금식수련회/metadata_20091228_2010 대학생 원단금식수련회.json,metadata_20091228_2010 대학생 원단금식수련회.json,fileSearchStores/ccc-sp39ygty7ddk,,HTTP 500: Internal Server Error,2025-12-10T07:13:31.631479
/app/archive/역사기록/2000/20090700_2009 여름 단기선교/metadata_20090700_2009 여름 단기선교.json,metadata_20090700_2009 여름 단기선교.json,fileSearchStores/ccc-sp39ygty7ddk,,HTTP 500: Internal Server Error,2025-12-10T07:13:31.640581
/app/archive/역사기록/2000/20091002_유성 김준곤 목사 장례예배/metadata_20091002_유성 김준곤 목사 장례예배.json,metadata_20091002_유성 김준곤 목사 장례예배.json,fileSearchStores/ccc-sp39ygty7ddk,,HTTP 500: Internal Server Error,2025-12-10T07:13:31.641528
/app/archive/역사기록/2010/20100501_2010 전국 대학생 여름수련회를 위한 여호수아 기도회/metadata_20100501_2010 전국 대학생 여름수련회를 위한 여호수아 기도회.json,metadata_20100501_2010 전국 대학생 여름수련회를 위한 여호수아 기도회.json,fileSearchStores/ccc-sp39ygty7ddk,,HTTP 500: Internal Server Error,2025-12-10T07:13:31.665297
/app/archive/역사기록/2010/20100210_2010 찬양 자비량 06기 수료/metadata_20100210_2010 찬양 자비량 06기 수료.json,metadata_20100210_2010 찬양 자비량 06기 수료.json,fileSearchStores/ccc-sp39ygty7ddk,,HTTP 500: Internal Server Error,2025-12-10T07:13:31.668112
/app/archive/역사기록/2010/20100515_김준곤 목사 묘비 제막/metadata_20100515_김준곤 목사 묘비 제막.json,metadata_20100515_김준곤 목사 묘비 제막.json,fileSearchStores/ccc-sp39ygty7ddk,,HTTP 500: Internal Server Error,2025-12-10T07:13:31.670294
/app/archive/역사기록/2010/20100100_2010 겨울 단기선교/metadata_20100100_2010 겨울 단기선교.json,metadata_20100100_2010 겨울 단기선교.json,fileSearchStores/ccc-sp39ygty7ddk,,HTTP 500: Internal Server Error,2025-12-10T07:13:31.681494
/app/archive/역사기록/2010/20100929_유성 김준곤 목사 1주기 추모예배/metadata_20100929_유성 김준곤 목사 1주기 추모예배.json,metadata_20100929_유성 김준곤 목사 1주기 추모예배.json,fileSearchStores/ccc-sp39ygty7ddk,,HTTP 500: Internal Server Error,2025-12-10T07:13:31.774711
/app/archive/역사기록/2010/20100700_2010 여름 단기선교/metadata_20100700_2010 여름 단기선교.json,metadata_20100700_2010 여름 단기선교.json,fileSearchStores/ccc-sp39ygty7ddk,,HTTP 500: Internal Server Error,2025-12-10T07:13:31.786706
/app/archive/역사기록/2010/20101222_2010 대학생 통일봉사단 사랑의 연탄 나누기/metadata_20101222_2010 대학생 통일봉사단 사랑의 연탄 나누기.json,metadata_20101222_2010 대학생 통일봉사단 사랑의 연탄 나누기.json,fileSearchStores/ccc-sp39ygty7ddk,,HTTP 500: Internal Server Error,2025-12-10T07:13:31.821158
/app/archive/역사기록/2010/20101030_CCC 역사 비전관 및 민족복음화 전략센터 개관/metadata_20101030_CCC 역사 비전관 및 민족복음화 전략센터 개관.json,metadata_20101030_CCC 역사 비전관 및 민족복음화 전략센터 개관.json,fileSearchStores/ccc-sp39ygty7ddk,,HTTP 500: Internal Server Error,2025-12-10T07:13:31.830551
/app/archive/역사기록/2010/20101227_2011 대학생 원단금식수련회/metadata_20101227_2011 대학생 원단금식수련회.json,metadata_20101227_2011 대학생 원단금식수련회.json,fileSearchStores/ccc-sp39ygty7ddk,,HTTP 500: Internal Server Error,2025-12-10T07:13:31.837140
/app/archive/역사기록/2010/20110615_2011 GAiN Korea 일본 지진 피해 돕기 성금 전달/metadata_20110615_2011 GAiN Korea 일본 지진 피해 돕기 성금 전달.json,metadata_20110615_2011 GAiN Korea 일본 지진 피해 돕기 성금 전달.json,fileSearchStores/ccc-sp39ygty7ddk,,HTTP 500: Internal Server Error,2025-12-10T07:13:31.848957
/app/archive/역사기록/2010/20110700_2011 여름 단기선교/metadata_20110700_2011 여름 단기선교.json,metadata_20110700_2011 여름 단기선교.json,fileSearchStores/ccc-sp39ygty7ddk,,HTTP 500: Internal Server Error,2025-12-10T07:13:31.881576
/app/archive/역사기록/2010/20111128_2011 가정선교원 아름다운 만남을 위한 데이팅 강사 세미나/metadata_20111128_2011 가정선교원 아름다운 만남을 위한 데이팅 강사 세미나.json,metadata_20111128_2011 가정선교원 아름다운 만남을 위한 데이팅 강사 세미나.json,fileSearchStores/ccc-sp39ygty7ddk,,HTTP 500: Internal Server Error,2025-12-10T07:13:31.890791
/app/archive/역사기록/2010/20111205_2011 커뮤니티간사 수련회/metadata_20111205_2011 커뮤니티간사 수련회.json,metadata_20111205_2011 커뮤니티간사 수련회.json,fileSearchStores/ccc-sp39ygty7ddk,,HTTP 500: Internal Server Error,2025-12-10T07:13:31.904622
/app/archive/역사기록/2010/20100802_2010 전국 청소년 여름수련회/metadata_20100802_2010 전국 청소년 여름수련회.json,metadata_20100802_2010 전국 청소년 여름수련회.json,fileSearchStores/ccc-sp39ygty7ddk,,HTTP 500: Internal Server Error,2025-12-10T07:13:31.910098
/app/archive/역사기록/2010/20120102_2012 서울지구 21기 기드온 순장훈련/metadata_20120102_2012 서울지구 21기 기드온 순장훈련.json,metadata_20120102_2012 서울지구 21기 기드온 순장훈련.json,fileSearchStores/ccc-sp39ygty7ddk,,HTTP 500: Internal Server Error,2025-12-10T07:13:31.926529
/app/archive/역사기록/2010/20120116_2012 CCC 영상 캠프/metadata_20120116_2012 CCC 영상 캠프.json,metadata_20120116_2012 CCC 영상 캠프.json,fileSearchStores/ccc-sp39ygty7ddk,,HTTP 500: Internal Server Error,2025-12-10T07:13:31.931023
/app/archive/역사기록/2010/20120130_2012 A6 프로젝트 01기 사역팀 합숙 훈련/metadata_20120130_2012 A6 프로젝트 01기 사역팀 합숙 훈련.json,metadata_20120130_2012 A6 프로젝트 01기 사역팀 합숙 훈련.json,fileSearchStores/ccc-sp39ygty7ddk,,HTTP 500: Internal Server Error,2025-12-10T07:13:31.946305
/app/archive/역사기록/2010/20111226_2012 대학생 원단금식수련회/metadata_20111226_2012 대학생 원단금식수련회.json,metadata_20111226_2012 대학생 원단금식수련회.json,fileSearchStores/ccc-sp39ygty7ddk,,HTTP 500: Internal Server Error,2025-12-10T07:13:31.947844
/app/archive/역사기록/2010/20120221_2012 대학생 통일봉사단 위탁교육/metadata_20120221_2012 대학생 통일봉사단 위탁교육.json,metadata_20120221_2012 대학생 통일봉사단 위탁교육.json,fileSearchStores/ccc-sp39ygty7ddk,,HTTP 500: Internal Server Error,2025-12-10T07:13:31.965768
/app/archive/역사기록/2010/20110627_2011 전국 대학생 여름수련회/metadata_20110627_2011 전국 대학생 여름수련회.json,metadata_20110627_2011 전국 대학생 여름수련회.json,fileSearchStores/ccc-sp39ygty7ddk,,HTTP 500: Internal Server Error,2025-12-10T07:13:31.973685
/app/archive/역사기록/2010/20120222_2012 가정선교원 가정사역 세미나 in 스리랑카/metadata_20120222_2012 가정선교원 가정사역 세미나 in 스리랑카.json,metadata_20120222_2012 가정선교원 가정사역 세미나 in 스리랑카.json,fileSearchStores/ccc-sp39ygty7ddk,,HTTP 500: Internal Server Error,2025-12-10T07:13:31.979464
/app/archive/역사기록/2010/20120301_2012 A6 프로젝트 01기/metadata_20120301_2012 A6 프로젝트 01기.json,metadata_20120301_2012 A6 프로젝트 01기.json,fileSearchStores/ccc-sp39ygty7ddk,,HTTP 500: Internal Server Error,2025-12-10T07:13:31.979577
/app/archive/역사기록/2010/20120330_2012 서울지구 여우사이/metadata_20120330_2012 서울지구 여우사이.json,metadata_20120330_2012 서울지구 여우사이.json,fileSearchStores/ccc-sp39ygty7ddk,,HTTP 500: Internal Server Error,2025-12-10T07:13:31.985156
/app/archive/역사기록/2010/20120506_2012 동아시아 오리엔트CCC 국가대표자 회의/metadata_20120506_2012 동아시아 오리엔트CCC 국가대표자 회의.json,metadata_20120506_2012 동아시아 오리엔트CCC 국가대표자 회의.json,fileSearchStores/ccc-sp39ygty7ddk,,HTTP 500: Internal Server Error,2025-12-10T07:13:32.009729
/app/archive/역사기록/2010/20120428_2012 전국 대학생 여름수련회를 위한 여호수아 기도회/metadata_20120428_2012 전국 대학생 여름수련회를 위한 여호수아 기도회.json,metadata_20120428_2012 전국 대학생 여름수련회를 위한 여호수아 기도회.json,fileSearchStores/ccc-sp39ygty7ddk,,HTTP 500: Internal Server Error,2025-12-10T07:13:32.015685
/app/archive/역사기록/2010/20120730_2012 선교한국/metadata_20120730_2012 선교한국.json,metadata_20120730_2012 선교한국.json,fileSearchStores/ccc-sp39ygty7ddk,,HTTP 500: Internal Server Error,2025-12-10T07:13:32.072226
/app/archive/역사기록/2010/20120806_2012 전국 청소년 여름수련회/metadata_20120806_2012 전국 청소년 여름수련회.json,metadata_20120806_2012 전국 청소년 여름수련회.json,fileSearchStores/ccc-sp39ygty7ddk,,HTTP 500: Internal Server Error,2025-12-10T07:13:32.073547
/app/archive/역사기록/2010/20120808_2012 대학생 통일봉사단 제1회 한반도 평화 발걸음/metadata_20120808_2012 대학생 통일봉사단 제1회 한반도 평화 발걸음.json,metadata_20120808_2012 대학생 통일봉사단 제1회 한반도 평화 발걸음.json,fileSearchStores/ccc-sp39ygty7ddk,,HTTP 500: Internal Server Error,2025-12-10T07:13:32.095500
/app/archive/역사기록/2010/20120928_유성 김준곤 목사 3주기 추모예배/metadata_20120928_유성 김준곤 목사 3주기 추모예배.json,metadata_20120928_유성 김준곤 목사 3주기 추모예배.json,fileSearchStores/ccc-sp39ygty7ddk,,HTTP 500: Internal Server Error,2025-12-10T07:13:32.100910
/app/archive/역사기록/2010/20120909_2012 춘천 성시화운동 40주년 기념대회/metadata_20120909_2012 춘천 성시화운동 40주년 기념대회.json,metadata_20120909_2012 춘천 성시화운동 40주년 기념대회.json,fileSearchStores/ccc-sp39ygty7ddk,,HTTP 500: Internal Server Error,2025-12-10T07:13:32.104834
/app/archive/역사기록/2010/20121022_2012 간사 교육수련회(SALT)/metadata_20121022_2012 간사 교육수련회(SALT).json,metadata_20121022_2012 간사 교육수련회(SALT).json,fileSearchStores/ccc-sp39ygty7ddk,,HTTP 500: Internal Server Error,2025-12-10T07:13:32.122305
/app/archive/역사기록/2010/20121220_2012 대학생 통일봉사단 사랑의 연탄 나누기/metadata_20121220_2012 대학생 통일봉사단 사랑의 연탄 나누기.json,metadata_20121220_2012 대학생 통일봉사단 사랑의 연탄 나누기.json,fileSearchStores/ccc-sp39ygty7ddk,,HTTP 500: Internal Server Error,2025-12-10T07:13:32.137440
/app/archive/역사기록/2010/20121226_2013 대학생 원단금식수련회/metadata_20121226_2013 대학생 원단금식수련회.json,metadata_20121226_2013 대학생 원단금식수련회.json,fileSearchStores/ccc-sp39ygty7ddk,,HTTP 500: Internal Server Error,2025-12-10T07:13:32.149428
/app/archive/역사기록/2010/20120625_2012 전국 대학생 여름수련회/metadata_20120625_2012 전국 대학생 여름수련회.json,metadata_20120625_2012 전국 대학생 여름수련회.json,fileSearchStores/ccc-sp39ygty7ddk,,HTTP 500: Internal Server Error,2025-12-10T07:13:32.157757
/app/archive/역사기록/2010/20121230_2013 전국 나사렛 원단금식수련회/metadata_20121230_2013 전국 나사렛 원단금식수련회.json,metadata_20121230_2013 전국 나사렛 원단금식수련회.json,fileSearchStores/ccc-sp39ygty7ddk,,HTTP 500: Internal Server Error,2025-12-10T07:13:32.157864
/app/archive/역사기록/2010/20130107_2013 GAiN Korea 인도 아동 결연 현지 방문 및 장학증서 전달/metadata_20130107_2013 GAiN Korea 인도 아동 결연 현지 방문 및 장학증서 전달.json,metadata_20130107_2013 GAiN Korea 인도 아동 결연 현지 방문 및 장학증서 전달.json,fileSearchStores/ccc-sp39ygty7ddk,,HTTP 500: Internal Server Error,2025-12-10T07:13:32.180578
/app/archive/역사기록/2010/20130312_2013 A6 프로젝트 02기/metadata_20130312_2013 A6 프로젝트 02기.json,metadata_20130312_2013 A6 프로젝트 02기.json,fileSearchStores/ccc-sp39ygty7ddk,,HTTP 500: Internal Server Error,2025-12-10T07:13:32.186392
/app/archive/역사기록/2010/20130809_2013 대학생 통일봉사단 제2회 한반도 평화 발걸음/metadata_20130809_2013 대학생 통일봉사단 제2회 한반도 평화 발걸음.json,metadata_20130809_2013 대학생 통일봉사단 제2회 한반도 평화 발걸음.json,fileSearchStores/ccc-sp39ygty7ddk,,HTTP 500: Internal Server Error,2025-12-10T07:13:32.195549
/app/archive/역사기록/2010/20130624_2013 전국 대학생 여름수련회/metadata_20130624_2013 전국 대학생 여름수련회.json,metadata_20130624_2013 전국 대학생 여름수련회.json,fileSearchStores/ccc-sp39ygty7ddk,,HTTP 500: Internal Server Error,2025-12-10T07:13:32.202511
/app/archive/역사기록/2010/20130924_GCTC 33기 A6 프로젝트 사역/metadata_20130924_GCTC 33기 A6 프로젝트 사역.json,metadata_20130924_GCTC 33기 A6 프로젝트 사역.json,fileSearchStores/ccc-sp39ygty7ddk,,HTTP 500: Internal Server Error,2025-12-10T07:13:32.224591
/app/archive/역사기록/2010/20140426_2014 전국 대학생 여름수련회를 위한 여호수아 기도회/metadata_20140426_2014 전국 대학생 여름수련회를 위한 여호수아 기도회.json,metadata_20140426_2014 전국 대학생 여름수련회를 위한 여호수아 기도회.json,fileSearchStores/ccc-sp39ygty7ddk,,HTTP 500: Internal Server Error,2025-12-10T07:13:32.249992
/app/archive/역사기록/2010/20140112_2014 GAiN Korea 필리핀 타클로반 태풍 피해 복구지원/metadata_20140112_2014 GAiN Korea 필리핀 타클로반 태풍 피해 복구지원.json,metadata_20140112_2014 GAiN Korea 필리핀 타클로반 태풍 피해 복구지원.json,fileSearchStores/ccc-sp39ygty7ddk,,HTTP 500: Internal Server Error,2025-12-10T07:13:32.250306
/app/archive/역사기록/2010/20131225_2014 대학생 원단금식수련회/metadata_20131225_2014 대학생 원단금식수련회.json,metadata_20131225_2014 대학생 원단금식수련회.json,fileSearchStores/ccc-sp39ygty7ddk,,HTTP 500: Internal Server Error,2025-12-10T07:13:32.257035
/app/archive/역사기록/2010/20140728_2014 전국 청소년 여름수련회/metadata_20140728_2014 전국 청소년 여름수련회.json,metadata_20140728_2014 전국 청소년 여름수련회.json,fileSearchStores/ccc-sp39ygty7ddk,,HTTP 500: Internal Server Error,2025-12-10T07:13:32.286926
/app/archive/역사기록/2010/20141019_2014 동아시아CCC 간사 수련회/metadata_20141019_2014 동아시아CCC 간사 수련회.json,metadata_20141019_2014 동아시아CCC 간사 수련회.json,fileSearchStores/ccc-sp39ygty7ddk,,HTTP 500: Internal Server Error,2025-12-10T07:13:32.306661
/app/archive/역사기록/2010/20141229_2015 대학생 원단금식수련회/metadata_20141229_2015 대학생 원단금식수련회.json,metadata_20141229_2015 대학생 원단금식수련회.json,fileSearchStores/ccc-sp39ygty7ddk,,HTTP 500: Internal Server Error,2025-12-10T07:13:32.328476
/app/archive/역사기록/2010/20150209_2015 성남지구 순장수련회/metadata_20150209_2015 성남지구 순장수련회.json,metadata_20150209_2015 성남지구 순장수련회.json,fileSearchStores/ccc-sp39ygty7ddk,,HTTP 500: Internal Server Error,2025-12-10T07:13:32.338803
/app/archive/역사기록/2010/20150114_2015 GAiN Korea 인도 아동 결연 현지 방문 및 장학증서 전달/metadata_20150114_2015 GAiN Korea 인도 아동 결연 현지 방문 및 장학증서 전달.json,metadata_20150114_2015 GAiN Korea 인도 아동 결연 현지 방문 및 장학증서 전달.json,fileSearchStores/ccc-sp39ygty7ddk,,HTTP 500: Internal Server Error,2025-12-10T07:13:32.339316
/app/archive/역사기록/2010/20150321_2015 가정선교원 봄학기 결혼예비학교/metadata_20150321_2015 가정선교원 봄학기 결혼예비학교.json,metadata_20150321_2015 가정선교원 봄학기 결혼예비학교.json,fileSearchStores/ccc-sp39ygty7ddk,,HTTP 500: Internal Server Error,2025-12-10T07:13:32.355071
/app/archive/역사기록/2010/20150419_2015 MOVE 간사 수련회/metadata_20150419_2015 MOVE 간사 수련회.json,metadata_20150419_2015 MOVE 간사 수련회.json,fileSearchStores/ccc-sp39ygty7ddk,,HTTP 500: Internal Server Error,2025-12-10T07:13:32.359962
/app/archive/역사기록/2010/20140623_2014 전국 대학생 여름수련회/metadata_20140623_2014 전국 대학생 여름수련회.json,metadata_20140623_2014 전국 대학생 여름수련회.json,fileSearchStores/ccc-sp39ygty7ddk,,HTTP 500: Internal Server Error,2025-12-10T07:13:32.365233
/app/archive/역사기록/2010/20150421_2015 상반기 시그니피컨트 우먼 세미나/metadata_20150421_2015 상반기 시그니피컨트 우먼 세미나.json,metadata_20150421_2015 상반기 시그니피컨트 우먼 세미나.json,fileSearchStores/ccc-sp39ygty7ddk,,HTTP 500: Internal Server Error,2025-12-10T07:13:32.372417
/app/archive/역사기록/2010/20150703_2015 광주 유니버시아드대회 자원봉사/metadata_20150703_2015 광주 유니버시아드대회 자원봉사.json,metadata_20150703_2015 광주 유니버시아드대회 자원봉사.json,fileSearchStores/ccc-sp39ygty7ddk,,HTTP 500: Internal Server Error,2025-12-10T07:13:32.377452
/app/archive/역사기록/2010/20150529_2015 신입간사를 위한 모집 세미나(LOIS)/metadata_20150529_2015 신입간사를 위한 모집 세미나(LOIS).json,metadata_20150529_2015 신입간사를 위한 모집 세미나(LOIS).json,fileSearchStores/ccc-sp39ygty7ddk,,HTTP 500: Internal Server Error,2025-12-10T07:13:32.379480
/app/archive/역사기록/2010/20100628_2010 전국 대학생 여름수련회/metadata_20100628_2010 전국 대학생 여름수련회.json,metadata_20100628_2010 전국 대학생 여름수련회.json,fileSearchStores/ccc-sp39ygty7ddk,,HTTP 500: Internal Server Error,2025-12-10T07:13:32.392409
"/app/archive/역사기록/2010/20150901_2015 A6 프로젝트 - 러시아, 멕시코, 잠비아/metadata_20150901_2015 A6 프로젝트 - 러시아, 멕시코, 잠비아.json","metadata_20150901_2015 A6 프로젝트 - 러시아, 멕시코, 잠비아.json",fileSearchStores/ccc-sp39ygty7ddk,,HTTP 500: Internal Server Error,2025-12-10T07:13:32.399800
/app/archive/역사기록/2010/20150912_2015 전국 총순장단 대표단 리트릿 및 이취임식/metadata_20150912_2015 전국 총순장단 대표단 리트릿 및 이취임식.json,metadata_20150912_2015 전국 총순장단 대표단 리트릿 및 이취임식.json,fileSearchStores/ccc-sp39ygty7ddk,,HTTP 500: Internal Server Error,2025-12-10T07:13:32.409690
/app/archive/역사기록/2010/20151002_유성 김준곤 목사 6주기 추모예배 및 민족복음화의 꿈 기념비 제막식/metadata_20151002_유성 김준곤 목사 6주기 추모예배 및 민족복음화의 꿈 기념비 제막식.json,metadata_20151002_유성 김준곤 목사 6주기 추모예배 및 민족복음화의 꿈 기념비 제막식.json,fileSearchStores/ccc-sp39ygty7ddk,,HTTP 500: Internal Server Error,2025-12-10T07:13:32.412779
/app/archive/역사기록/2010/20151018_2015 간사 교육수련회(SALT)/metadata_20151018_2015 간사 교육수련회(SALT).json,metadata_20151018_2015 간사 교육수련회(SALT).json,fileSearchStores/ccc-sp39ygty7ddk,,HTTP 500: Internal Server Error,2025-12-10T07:13:32.422413
/app/archive/역사기록/2010/20160107_2016 제주지구 청소년 드림캠프/metadata_20160107_2016 제주지구 청소년 드림캠프.json,metadata_20160107_2016 제주지구 청소년 드림캠프.json,fileSearchStores/ccc-sp39ygty7ddk,,HTTP 500: Internal Server Error,2025-12-10T07:13:32.440659
/app/archive/역사기록/2010/20160110_2016 선교 자비량 상반기 합숙훈련/metadata_20160110_2016 선교 자비량 상반기 합숙훈련.json,metadata_20160110_2016 선교 자비량 상반기 합숙훈련.json,fileSearchStores/ccc-sp39ygty7ddk,,HTTP 500: Internal Server Error,2025-12-10T07:13:32.445713
/app/archive/역사기록/2010/20160307_2016 동아시아 오리엔트CCC 미션 리더 훈련/metadata_20160307_2016 동아시아 오리엔트CCC 미션 리더 훈련.json,metadata_20160307_2016 동아시아 오리엔트CCC 미션 리더 훈련.json,fileSearchStores/ccc-sp39ygty7ddk,,HTTP 500: Internal Server Error,2025-12-10T07:13:32.454993
/app/archive/역사기록/2010/20151228_2016 대학생 원단금식수련회/metadata_20151228_2016 대학생 원단금식수련회.json,metadata_20151228_2016 대학생 원단금식수련회.json,fileSearchStores/ccc-sp39ygty7ddk,,HTTP 500: Internal Server Error,2025-12-10T07:13:32.458227
/app/archive/역사기록/2010/20150824_2015 전국 대학생 여름수련회/metadata_20150824_2015 전국 대학생 여름수련회.json,metadata_20150824_2015 전국 대학생 여름수련회.json,fileSearchStores/ccc-sp39ygty7ddk,,HTTP 500: Internal Server Error,2025-12-10T07:13:32.466484
/app/archive/역사기록/2010/20170623_2017 한국CCC 선교사대회/metadata_20170623_2017 한국CCC 선교사대회.json,metadata_20170623_2017 한국CCC 선교사대회.json,fileSearchStores/ccc-sp39ygty7ddk,,HTTP 500: Internal Server Error,2025-12-10T07:13:32.496505
/app/archive/역사기록/2010/20170709_2017 대학생 통일봉사단 여름 북방선교 비전트립/metadata_20170709_2017 대학생 통일봉사단 여름 북방선교 비전트립.json,metadata_20170709_2017 대학생 통일봉사단 여름 북방선교 비전트립.json,fileSearchStores/ccc-sp39ygty7ddk,,HTTP 500: Internal Server Error,2025-12-10T07:13:32.510879
/app/archive/역사기록/2010/20170626_2017 전국 대학생 여름수련회/metadata_20170626_2017 전국 대학생 여름수련회.json,metadata_20170626_2017 전국 대학생 여름수련회.json,fileSearchStores/ccc-sp39ygty7ddk,,HTTP 500: Internal Server Error,2025-12-10T07:13:32.519857
/app/archive/역사기록/2010/20161226_2017 대학생 원단금식수련회/metadata_20161226_2017 대학생 원단금식수련회.json,metadata_20161226_2017 대학생 원단금식수련회.json,fileSearchStores/ccc-sp39ygty7ddk,,HTTP 500: Internal Server Error,2025-12-10T07:13:32.522451
/app/archive/역사기록/2010/20170922_2017 전국 사모간사 수련회/metadata_20170922_2017 전국 사모간사 수련회.json,metadata_20170922_2017 전국 사모간사 수련회.json,fileSearchStores/ccc-sp39ygty7ddk,,HTTP 500: Internal Server Error,2025-12-10T07:13:32.531184
/app/archive/역사기록/2010/20171229_2018 전국 나사렛 원단금식수련회/metadata_20171229_2018 전국 나사렛 원단금식수련회.json,metadata_20171229_2018 전국 나사렛 원단금식수련회.json,fileSearchStores/ccc-sp39ygty7ddk,,HTTP 500: Internal Server Error,2025-12-10T07:13:32.536172
/app/archive/역사기록/2010/20180111_2018 간사자녀캠프/metadata_20180111_2018 간사자녀캠프.json,metadata_20180111_2018 간사자녀캠프.json,fileSearchStores/ccc-sp39ygty7ddk,,HTTP 500: Internal Server Error,2025-12-10T07:13:32.571266
/app/archive/역사기록/2010/20180901_2018 전국 총순장단 대표단 리트릿 및 이취임식/metadata_20180901_2018 전국 총순장단 대표단 리트릿 및 이취임식.json,metadata_20180901_2018 전국 총순장단 대표단 리트릿 및 이취임식.json,fileSearchStores/ccc-sp39ygty7ddk,,HTTP 500: Internal Server Error,2025-12-10T07:13:32.583294
/app/archive/역사기록/2010/20181005_2018 전국 사모간사 수련회/metadata_20181005_2018 전국 사모간사 수련회.json,metadata_20181005_2018 전국 사모간사 수련회.json,fileSearchStores/ccc-sp39ygty7ddk,,HTTP 500: Internal Server Error,2025-12-10T07:13:32.590284
/app/archive/역사기록/2010/20181103_한국CCC 창립 60주년 및 나사렛형제들 50주년 감사예배/metadata_20181103_한국CCC 창립 60주년 및 나사렛형제들 50주년 감사예배.json,metadata_20181103_한국CCC 창립 60주년 및 나사렛형제들 50주년 감사예배.json,fileSearchStores/ccc-sp39ygty7ddk,,HTTP 500: Internal Server Error,2025-12-10T07:13:32.611306
/app/archive/역사기록/2010/20181231_2019 전국 나사렛 원단금식수련회/metadata_20181231_2019 전국 나사렛 원단금식수련회.json,metadata_20181231_2019 전국 나사렛 원단금식수련회.json,fileSearchStores/ccc-sp39ygty7ddk,,HTTP 500: Internal Server Error,2025-12-10T07:13:32.626797
/app/archive/역사기록/2010/20181226_2019 대학생 원단금식수련회/metadata_20181226_2019 대학생 원단금식수련회.json,metadata_20181226_2019 대학생 원단금식수련회.json,fileSearchStores/ccc-sp39ygty7ddk,,HTTP 500: Internal Server Error,2025-12-10T07:13:32.636543
/app/archive/역사기록/2010/20190117_2019 간사자녀캠프/metadata_20190117_2019 간사자녀캠프.json,metadata_20190117_2019 간사자녀캠프.json,fileSearchStores/ccc-sp39ygty7ddk,,HTTP 500: Internal Server Error,2025-12-10T07:13:32.651994
/app/archive/역사기록/2010/20190521_2019 사모간사회 흔들리며 피는 꽃/metadata_20190521_2019 사모간사회 흔들리며 피는 꽃.json,metadata_20190521_2019 사모간사회 흔들리며 피는 꽃.json,fileSearchStores/ccc-sp39ygty7ddk,,HTTP 500: Internal Server Error,2025-12-10T07:13:32.654309
/app/archive/역사기록/2010/20190709_2019 전국 사모간사 수련회/metadata_20190709_2019 전국 사모간사 수련회.json,metadata_20190709_2019 전국 사모간사 수련회.json,fileSearchStores/ccc-sp39ygty7ddk,,HTTP 500: Internal Server Error,2025-12-10T07:13:32.679651
/app/archive/역사기록/2010/20191225_2020 대학생 원단금식수련회/metadata_20191225_2020 대학생 원단금식수련회.json,metadata_20191225_2020 대학생 원단금식수련회.json,fileSearchStores/ccc-sp39ygty7ddk,,HTTP 500: Internal Server Error,2025-12-10T07:13:32.680253
/app/archive/역사기록/2010/20160627_2016 전국 대학생 여름수련회/metadata_20160627_2016 전국 대학생 여름수련회.json,metadata_20160627_2016 전국 대학생 여름수련회.json,fileSearchStores/ccc-sp39ygty7ddk,,HTTP 500: Internal Server Error,2025-12-10T07:13:32.715958
/app/archive/역사기록/2010/20180626_엑스플로2018 제주선교대회/metadata_20180626_엑스플로2018 제주선교대회.json,metadata_20180626_엑스플로2018 제주선교대회.json,fileSearchStores/ccc-sp39ygty7ddk,,HTTP 500: Internal Server Error,2025-12-10T07:13:32.733745
/app/archive/역사기록/2010/20191231_2020 전국 나사렛 원단금식수련회/metadata_20191231_2020 전국 나사렛 원단금식수련회.json,metadata_20191231_2020 전국 나사렛 원단금식수련회.json,fileSearchStores/ccc-sp39ygty7ddk,,HTTP 500: Internal Server Error,2025-12-10T07:13:32.735882
/app/archive/역사기록/2010/20190624_2019 전국 대학생 여름수련회/metadata_20190624_2019 전국 대학생 여름수련회.json,metadata_20190624_2019 전국 대학생 여름수련회.json,fileSearchStores/ccc-sp39ygty7ddk,,HTTP 500: Internal Server Error,2025-12-10T07:13:32.824115
